{
    "rmse": 0.6681637640956716,
    "mae": 0.5296368029890745,
    "r2": 0.2668946744111067
}